"addr","balance"
0x120e0b6a1d445b5a9263c7dec8d6ab3d3ae3e74b,146
0x2c40e48d80ade4de53b1224d14f38768cbaa5ea4,42
0x30a7c19bfa766e63ea4fd4bed151004088208df1,72
0x321f39123a366300a87d405553dafe40b3501bd7,97
0x757fa102cafd96bdf69543c19dfa533df0b7e1c1,127
0x79e51f430e033e237321305c91b720fea771170b,51
0x8a23cc2c7bb3c3eff77659ebf88b58027ba05518,119
0x900c7e1c98e00ab764273bdc91e0b533ca30aa6e,70
0xabb54daeb1dd627a40ed545ae46fc3edad5f6b73,107
0xc61b747c7048b97691c8a35d533096a4fb95f5eb,58
0xddb78a35af0295d78e2450103f15ddd88f4219f3,53
0xf06cdea372e2350e374c37f1ee0e1c44b8be6e2e,224551
0xfb5b9f788684af3905d0e5cc7b047b5eefecd83b,209
0x0b27376902a8e9c6959937ee670f8cd24e8a1f68,94
0x17cec64a481a315cccd1698094b99c033ab3a48b,43
0x208e747ab792dc50625e054f736ed1d1629e9596,102
0x22db5e5d03d8ba8887834e22a3dbcf8c8a8f40d4,44
0x4c422e1299aa96a8dd0ac7201130cf18fa6c33ce,143
0x6bb158a01a3f109e6916582ccb4cd0e9e67fb046,37
0x78b355670267e839d708ae470a1664697efe8d57,39
0x7bdb454ceda779183f68619bba0f60a7e3690f70,37
0xb7d91232221f5c031be8835977d9926d5023a60c,38
0xc566682291d9ccd316624494a3c4a4a5cd7a7ffe,35
0xd8c867be172724730373fec8e76613d1e5b5c3d8,38
0xdcb1796367248b6cf47c0d2f06e07791b0221d59,40
0xeb4e46519e0ae94a9fcab5971449af6c7097468d,66
0xef8d55c7ef821434dc7934924d04378d5b8f11c6,37
0x2b2c302a4ea1aa65af008a33619c369aad212e13,81
0x319f7b2f141ab49077e4798c5bf0c9db664d24de,105
0x3b5b754965b4f632c4484870cd185437c7652fbc,41
0x4645eed08f062ecc790e79cd77b5b7c8df531972,47
0x49024a6b2622ad79ff069d5d8ed7e5e4d21a3313,82
0x52db04dcd008de8ad5e18c93206241363fb4aa1b,36
0x537dad849530c26222931f4bb123bdf5d3a0cace,48
0x5b8f1845f9796c4fde592f0e4a127a59e1025989,72
0x613be4736ad09ef38e3db9f830e1501a66689614,111
0x7b1a7cf6a5033aca53e875f978ec3a8f1dbd7d18,83
0x958f5a639971aa94611f99888cf20c75c498504c,88
0xb56f0ef94fdca644c9021f68766df5a058cc6fe1,58
0xe1504aee9bc116516b52ec1d490b23ac07a7a657,37
0xede5a6526a3134da4b48cede3a7a04720abfefd4,78
0xfe7b30d9ef4ebceed595da8def6d06b2254ba6bd,141
0x08b7071f065617b918469899fcb76cd185159dc7,141
0x382e9cb1455dde7b41018739c069d80f047017aa,37
0x3b6fc54e75fc7a582c725f6c3f20d7678c7de513,45
0x44c4d524f81634646329e6af312e3c57be99c790,72
0x6f1d0c9fbee192f3f5996fdb641a3232a31b4e95,51
0x7568f6814b6435107b782c71a6aae67d28b2194a,75
0x75ab2b5cf21805f5ee3f679586dcd03019959c0c,122
0x80426b2ad5dc1d334a00bd7464e7486fa194ce7c,54
0x92491771740bef91545fbd9f4dba20c9fc1d0212,143
0xa38aeb2e0314ffaeaf080141fc0a5e67e4e7c905,45
0xbc8158f304bc1d64cb76369ef0b48c2205fc0184,36
0xbe0ab5e6663025d893e80190dcbe06efd8441114,96
0xd4233bd0260b40af402a8fa1f70a9495a082ee27,41
0xdd20fa1e969d4b1a66185d0fbb1c30889373f7e3,40
0xebeee81090f524c19f5aa5d3101089378b8476e7,148
0xf0f4d7ed5f001c3c96c5e4328f94ace26da74c20,68
0xf8ea3c393d7800ccc334a4c33fcdf95bea46c950,79
0x024b7f7c6f1e4cb26fda55306a412befaf749c78,123
0x06a69819437f70dc630578ddf62927fb8adb125b,45
0x2b657ab45520a47a6fecaedd2e000b833d75cec2,46
0x5df17e49b2d4a9ebc673e6a9650c2981259903ac,64
0x628b52cd356a67551a877cb1d5dd245b003d503c,92
0x6e731562c676d1690bac8a28f304dd55546c89d0,112
0x74e0a14296df385bd20522ff5efe63fb2b3b0abb,67
0x82bb71926c526ca5fe4e81a2fcc793e37c4156d7,103
0x8313f10f8d0744709c7f6d93728b429856b951ab,67
0x9061fa9535842670108a9d0adfec8967d6ed4f5b,43
0xa760cbc08b740148fcc97ece8c4c81b2c360b332,70
0xaa1d7b1baf627c5f01a38ac19076a12c3afd1865,38
0xb5d78ec343e98ea240773a753d1cbe1645a272d4,98
0xb9bc9682b00948894ef051872abf74f00016a4c2,36
0xc33219f2d1ac49be6dd4960e4f4468c3e596b243,38
0xcd5d113066e9956813012b3b4da6ee4d21d5af6c,65
0xe03788a073c3385301196189396631719ad80695,146
0xe050c0265d25f425e276d46bf4dbdac3dab59f3c,104
0xf20f35e8dc7ed8fedbaf1395ce8b16794e1e695d,262
0x0a77a4d6521ccb045b122ea03e31879713a54680,70
0x241769dd5b9dcca5aed2d36ccc3b340f5f86f7ae,107
0x24d0443dec6b941067c0462841dc8626bbd63b63,91
0x24ddfbf24558f9c14bc28dbdc0aedfba76377a40,38
0x254f2f6465e839aae414a9433456b471230d678a,41
0x3ac988385b2b8e8498527ddf0b616b299847664e,38
0x3b5ab70a6aa367b6ada2b5dd2d4b6c218e00e2ad,40
0x5508a242a90756ed2203372b0a2393ce5e906119,39
0x6365815103b1b568169ff190659a427ee66fca1b,44
0x691f0247fc99e08ccefc9b64e812286bb6ee8807,93
0x754b14aebb294627a6db39765dd177ca300e5f12,42
0x78a272ae34789344e90977ee3b7afb23c6efbe8b,35
0x7b780ffa8fa2ff047f65002b2c361ea45a043e8f,60
0x86bc2db6b23ba0fc45cb52a2368a5d9d94dc9725,51
0x8cbd34c9e1a7eca57b617606d949bfd4ce12cb79,40
0x8e6ccd979b89138b21f8dcb3b3f38196c8402b64,128
0xb8a4fab08d78b7b8b79f744e6d16df6261fb3679,56
0xbeadc226df0d853339bed970b5ca89f366e9b988,37
0xe38d53f70c9afdafd7b7515ac6d833f79f4210d6,38
0xe4876a5f7d6cc5cdaa24b022424e83c48b084ea3,110
0x00525afa065c42868e9111ce65f6f47bc984a50e,2333
0x00c3f91b82263a240db533231a37bcc0b3095070,37
0x405c618eb1f373284b0a2d0d1e31b51d0c12658d,118
0x65816d094385e1449eb4c579aedf64a01cf11d86,35
0x669808ab9335f5fb23ffb8502957d247837d5655,61
0x6a216e6c1ab7cbb39fa5acf0c13ccf53ef7f7a7b,119
0x7a0794408d0565eb8a38be383d28b85a947e6481,112
0x7d265fe328fd1fe55a35b27d2f596ccfac6c8fe2,55
0x840773472da4ebb3fde778383b7fad4017b686a5,37
0x966b0ed65cc4499f8062703306a6bb816d35101b,900
0xb04061d66d608bca0e7a523b96d4c389ead2dcc4,39
0xb31aeb3cb0851b0cc79f182fe4c30231c6dcc175,40
0xbdb173d3cfd0b599cf04bec4187062149d921427,44
0xce344e5154cc92b0eb2e196e0945c078a8267d3f,38
0xcf11b78b41ec9f6c4f609eea07c10bec0debcff4,141
0xda54f814dd321fcc80ace5bcf18142713b3ba70f,83
0xf41b11567744b4343b5f386467dec3891bd741bd,55
0x003acd34223285abe9db1de7e181afbca2b24227,40
0x292910f70d76bedf88599676929a8735b8daf3be,81
0x29f4d33abb33a1bdbac54ba92dc8ff8c5ab7678d,48
0x2b3c494915f52ddd1c1635b57121ee9b1b719866,41
0x30c6ecd577cb9dfec82b6a0e9da03be2b785f2a1,53
0x3426bacae9549f7ec00bace08255980cca012871,36
0x389ed991b496b66a04a0ceaba813c04fce16f47a,51
0x481d2aca6f2657f90d164f10f14bb46141e69830,42
0x4d3edeb81e35e3e390e8199e6bbb392da59c3665,122
0x705b251776af3646b2d1b95759f190bd203cac7f,83
0x83e227b2cede389c675aad947fa8cc13300d3c26,109
0x8d03df256c23209d5420e9986a4c10b43a342804,65
0xb08d2a50ee71ffe0266abae513da98312679d103,49
0xc8056d5ab37a0ad51d8701a23444d70ddb82344c,47
0xd5dd8b2ffc1646faadff7c85ba3fb418da16871b,48
0x049bf8ad98dea383ab604e6663448401c15d0a0a,133
0x15b6ee7cf099b7fa7534ca3ad281ea2a50807492,47
0x1dae85e7afca1bb618187a51b4d940e4628cc039,39
0x4a26bc88e3db1ec16bed8d8c7a33ce0f764bf173,120
0x5957c64bf778cf7d873848e696ceef9afaeceb42,56
0x6a94f9c84d4aff7db1810597a5be3ed5e0fd5d58,120
0x70a43337ca43f3d62b5e27a5952a959fa39b2fa3,49
0x869c17409eb8dd80ab0326264d51afe617583606,225
0xa8d0fbe8ba407bbdab816d8fce52619171f61a84,44
0xaafd8b0b99b1f409a549a611c7c36e9d7bfd2e79,57
0xbe68ee0978baf16f32d5d223785b1d020be6d970,34961
0xc97d6d9952532a9e8f6f09bbfd9984d085fa5ad2,86
0xd94ed723ddf905c35a3013f9820f0a075484084c,40
0xde76961957700c67c21f6ae332a8023b5fcd9085,135
0xe0e5b92b8127c124c1c92d8ff2edee9693038e73,130
0xee4963a9fde089968bcd9d8a5e3076e872a3421e,784
0xefc5fb71ec28b411d236dee5bce243696c7e1623,146
0x244eafc1aff48d7ad68a196c41e48c878f9ad695,113
0x39be557f0bb7f0c95702ac4a07987ec90a4c53e6,40
0x3f42a7050bc10c89fec99c34b90667b49902a8f2,38
0x4035adc9c984432181febe1db0245761e90ba1ed,44
0x57374cffb9916ff99fa3d932e02fc4023b9c13b6,41
0x8764d69d5b04e11cb36bfdd2b1ccaf0de906dab6,1077
0x945c3f44e250a1a30e737f2bb3254951c0a42dcc,41
0x9c2cc396889578a66648639b5a7bf838e76dac76,47
0x9ec213d65fea207cc5c3940197a186ab7f08b946,1
0xa39f2b0046e3da87fdf8f35568bbb27eb4dfee05,146
0xd1145b74c1bb995ed8eec1a2ef4229e48d4d902d,76
0xd8e054a423555ad9cdb4e9f617955a734da42cef,145
0xeb00e669d8148a8b0b23059796da8bb3dea40a33,36
0xeb665bd31e6aa1e71442121947658d1be794dca7,106
0xff0625a3c22a86bc272ee08bb1873fa63b2550ed,83
0x03ee10d0d8f292a2fcd1a4248676ac5e4780ced1,46
0x1ce1f035a3637a7a069bc2d81519c9fa571506fb,95
0x29e3bfd63ead7bf0d5f483c8d248741e2869f491,115
0x35434e634fe56d70faa10424eab4160467a113c2,1000
0x35697929ae8219d979d219d33bc152488312ec91,45
0x3ef957d93a18f3a8e340756b1ae3b3a9e215c32c,95
0x4615e526f2b96828de8a0357541753ee88cd0d6f,38
0x57af83a2bd59b4cdd4b81b4120242ed58478469f,48
0x5a38cf2245a3fb7a20cd5207e05d84a052c616e5,68
0x64521daa20968c84291996911c2793f6f4843840,42
0x7fae73a8f2813721f43550eadcc401490c24d78e,35
0x92f3cd0d427ba04e4c9a5ba0fedbcd2ad2bf9f0c,46
0xad05eb5d4fda4189622ee9cd74640bbe023d6b4d,89
0xd4801233e4dbb3cedb5789266619abc37319bffe,147
0xd8de6197799b9c1a7e1e927ae1972fd59e150b4a,48
0xdb1f37bccea294689872e2604fd401f9079e4fb8,77
0xe6f9fbf0612118699d7eb693bfee82132179b4c1,71
0xf33c6b17407ea68748e850f58ca28098641b4503,83
0xfddccf4da1074bfb4073c22c47503d4dbe1b0b06,57
0x43ba79c2ccbe1d95245d0bae1a79a199dea931d6,108
0x4a180aca53ad94b7e1f84f8231d665d1892fb24f,111
0x4ac0f04c4fa4c915e08045014c1b8121eb27fef9,35
0x51a97a6b005ab4485e1cb3eadaff6c83cb332b73,39
0x5a7c21d6e6aacb3d6dd86a9d347863f3a8a54594,136
0x8fd923c45881b4cbf04cfdbb0c3973dab87974d1,43
0xa3d3f1a4a5bf0087fa0f4cf7bf8cbac40b75d9ea,34484
0xadc23c668a82bec8a3235ac839439fa5d4f1c1f1,92
0xaff250be73050e7baaa887345facc33c7d2b1207,46
0xd51c8a8b624f0ad9f58ff32a38bb2d521f6bf1e5,114
0xd79ba2f1e2bbbb14adfc02cf791446fb4339db44,36
0xf307d27478fe5a5f135714abc4e98c1fbb7f70dd,46
0x05aa22f4dd78858b612c3fb930b4d1cc51ef4ee8,44
0x0c05f1851925387ae30d94a9acf8e35bbf847e73,106
0x11a0e679cf18814765434d3e1fae799819ae359a,42
0x1e1de1aa70d9f287238a1ed83f2163204b91a8bf,41
0x1ff0edb06ab14749aa07257a36140544d69628b0,64
0x2be04b5723c91051a1f69181d070add48c01d62d,88
0x49c65f7b09886f2b662890f81ed4d1e90399d587,37
0x6dc869e21002bd6772c2649af3c777e6ddf2e6e1,118
0x7190d08d1c7b88f014acc1dcea56f8ec71a93f5a,36
0x80970467f8bd0821c3b9c645bbd299d9020024bf,47
0x836599e8b24ecf98b4dacd80f6731cd8eea8c24f,39
0x8db6a810bd74a4eb9faa78807f99222e480a7ffe,36
0xbdd128095eed8944d38dfb2af8f66a66fe519fb3,61
0xc1380c959488b8e1933aa94196eb6f8b7fc8476a,41
0xd0dca12fad53bf388ecd1152632027f740b8fe28,40
0xe5e5213362c92cdcd6e3586862c46707116d8f8e,47
0x0a3f0779c6fa33849e0bcafe80293dcd400db6a3,41
0x10c3d023ddae2067c80c5da48ef174983fb1942e,36
0x1e91054fbdd8ccbf89de0ad4a4c308e5dd68edb1,101
0x39cc2ad0cd89867a12ccb8b522f4a842e50ca245,52
0x41f0b2191a77d3c41a9c48c64be156897b154e8e,47
0x5815fb83f6e7a4a9b41fa1e2676eb6574d396a70,38
0x64100f8361d96348802da06908175b8c7c2c1d2f,141
0x649dfbd5ddffc9e626c33016ce51be819aa15124,105
0x6f5b9d4d0fb398d9f27703dbe2ca45aeb6345c39,36
0x9a428c2be7cee2a6e782301e4a66b9465d005650,78
0x9c49cc4ab8379f99f7380fee10136013e15758c7,74
0xb91c06889031d173ab4f46bd82778359b2582b7f,107
0xc9d6d4b52cbb72c880f6f21973c30343eba8f065,42
0xe8f6d439e8596fc84a086af063282b93fe5224e0,201
0x2137a13b75d8e158fd621b37bbcb8321eb6b22ec,39
0x2c4b2fc21ae9ce9b70ca9929b73a6d45cc311170,138
0x2fa7ab0cf8aa897e496064a3c0a21f6450eaca15,116
0x405b7a5d146bec845a6106b658f55cb314c3fa14,44
0x687f24413fc8f93676edfc531c6acb143e6d7f34,102
0x7be1bd1ed22b7cc1aba89ae4fe4398bab51febd7,40
0x88a9c02414464268e028670c8d5b7fbf1e2958f3,46
0x8e3b4dc765ee902e921a67bf887c1b311085d50e,38
0x97b3720dd05d64fd8280bc23e8ed6b90d3803d00,230
0x9be644f8eaa56e6e4205e8cf3e010439e295c62d,36
0xbe1d0c69b5bdb4a6f06f837bfb71cca109386615,70
0xc272f27ef49dee3edd98a30ef65d8be80a543561,142
0xcabc04a8dfeb96d6555da1e438768edf73b256b4,77
0xd0b93d6ba0f7a249c5181e7aee026e6738dd6e3f,123
0xdd793589a5f50427b6d25243315d5f1b9522dda9,100
0xe4f3eb45b5f06e734072237f2e3306a6d80be35b,38
0xf0a4d75dc60323e16ceafddf820f7a4312abba7b,66
0xf4dd6c06d21190d29e93e8f78c0cb2664256d14d,84
0x03be519142d56106c44bd189a1ca6e25f1ac7e45,89
0x054c7b220098d300074d431ab621717cc3d0c6ea,125
0x07a9928e9f2a42609c49ffbd57620d98b53ecfd6,91
0x2275749f5c2e87c59a051be473875a2d0f40d861,37
0x3656104e1f499eac44e24881ca2cb5975d2ffa0e,37
0x3ea29c83334a3e4c25db9acb5cc23375d12d6e0b,51
0x497085f3fee7d6c98330dcd8f0039928f4558f68,43
0x5a5fba12810cfe1ccd8bbcb689f06c551d861c6d,107
0x62548002003e5d26dcea43fcc7f95fedf3fd17ff,60
0x647257a37bbcdbb156c19b718d3a743193df7aec,41
0x67084939479568ec1a962ba9c6ebdf91438fb165,142
0x8b4e8ccd632dd884fa764a29eef3f8f56a379d09,39
0x906c159d9ea17abe6d49280b032a64a1a7820413,137
0x9b7d21a396f71670a0336e234631bed5b318c12e,37
0xa83f0f18edbca75192e7f8345b8569d52a137464,62
0xb55ddd43e82605375150ea052f8e4012112a05c9,72
0xca1a170d210065143ebf1414b16145e510bf6334,39
0xf3622f87c5f597e707f34f699fecb0566032d1bc,83
0x1320deab2e808993406be2c8d19aadf1ed61a47e,43
0x1f9c960028d669a29f9f37cf874e1e9f8d3daf82,41
0x215e0da172ccc2b858aaf7bf6b641a706d5de4bb,47
0x32e2a3df897d4f2baad15f77a999f231d956fa41,35
0x34f110c64e52c91da6030b638cf411a820f29d23,47
0x3c5aef0c67be1c79aae9a7fa1a6d214ce20e097c,121
0x50b02cbb5bea89a901e907d0e04a7377b69fc5dc,38
0x50ff60a24e3284e3dfd3798384a1faa819dd7be8,127
0x6786ec0285024b032a7e1dd61138a2666f54d611,48
0x69a817c7ff4303d6b4c1031eb4a51c19b2c710d8,68
0x7b05ce647aab23a4d70ea28afff0973a96ab543e,47
0x9cb3649f1054603f4c4fa7ece43b76483026b8a1,132
0xaa1084e57ef29c760f9d76322235551688f1daff,73
0xbe7d18f4ea09d29cdef5cc4dde497e0e3d79bbe5,115
0xc9888b62c4814f835e0b57c3e3ac6264863ea89a,93
0xda26a29ff5135e21e615bc1c40e64fd56ccd5431,61
0x034de58543b63b4e177f7c5fdf23fb5f7b5d3ee7,128
0x24f3427c6860d8c222835736c66cbbb736d2b28a,40
0x44952278fc9adb95c159c17e9358be0219421017,37
0x50eea8f8e42a06866e4fe316eb14d871b386a8e2,72
0x61b87e64a030f8b8b7d6d9874e40af7e70060f24,81
0x70a5b5369f152af15c8b544dc8133cb190dd725a,136
0x7889c2e9bb31b978cc5f958704604d06fadb9e1b,56
0x85ee5554516d51b506350073f5140dddb2be45ae,40
0x9c2f56bc27250725275f266dfc62a34222d400fb,200000000
0xad1ac08990cb1c9f432b0d2969d49b5ec50855da,62
0xb4df5418ad4a326b0eeceed069ab553cebe6c8f4,45
0xb985ecf247189e5f975d5a05d3bdb4490e305696,60
0xd5c24fd66e0920cde63419db2db1aaa573ee2d94,38
0xfb388d694a248265128b2bc657d1758e9783b378,42
0x02dbdb5f75c13a65296b87029a3e0da2d6edd411,129
0x131d524241a41f65485bc73f43147e190c974c9c,102
0x46e128c0b53f020b72fa6862b8e26187ff8ea3d9,134
0x51ffe2f177cc1cf3cbb53c5cd89567c8bb655450,36
0x6666ad4df3f1e75c8a5b5271cb62c251abe39925,77
0x87d0bf99c440e10bf3e33dd1c37f75707d590b5e,39
0x9f4801786df67239eb88efb3dd0ba2bcc0808f0f,42
0xa7fd6b39daf90118b6c7a564d67ad1e11f0cc9c0,40
0xb1052e942aa5165c5c9888941a37f81e918c5068,135
0xc563dece2400fedfe50d161a391a87498df0fd84,35
0xc7e8587fb8016f6b13b915b95ab8f81de8faa361,59
0xc92abb544ac9b67b62d67f005484f9c1b3bd5841,37
0xd207fc244e2b4265123c99267fe17ef77f75553a,41
0xeb74cb05136ad5eebb92d69694c79b1ed0319b1f,108
0x0cd14b09f72b6ab8b8a02be06d43ab3f5d935e42,49
0x2363d56694f9661ae1457a9d8f8a0574a7b5cc33,36
0x23868b5187bb3674233746a4eb47194e24ff44f6,5000000
0x302ad549c3cff36530682f74105bcc3fc35c698f,61
0x3e84ca57975bbdddae1aca6f54cba01a06ac5d26,37
0x572c01c1cd453cec8e73add81e3512bd7d99634f,74
0x677a4a76bb3246be240298576d9b7dababaeb06e,68
0x747ae3c880e986304a0fda407fe7de74d7eb7097,43
0x978efcd6be399442a4e04586d1ae7c99a62d4923,105
0xaca72e0972d70235790f37537a359beaf4f3de0f,35
0xaf0c2a2cc060b2c7604963db81db4e6c854b10f3,541
0xb0e0c0e324a6213c13b366d123fed955ba22518a,139
0xc68fac021999cb4f3f2df6433c8dd99fea257913,132
0xc9eec12f58a2463dbb3efcab861bd689719637b5,36
0xd763dd254c3e4b66e87103c7b53b2170eef83468,59
0xdc3646bd5c7274fe7d87ae104c048ad13035ed6f,110
0xde41b739ac011937af01077e261f1013c2c861fa,36
0xef4ab5994b5670077242d24206ea087bf948cdbe,43
0xffb51de15d39ebebbcf8aaa06995efaacb3059b4,114
0x0074a1250e0de80e0e6745ef467769d3b1523bf1,37
0x0ab41dc8dfc1a82b21cf4368ac199c21812feaf8,38
0x187e3fda225d21d4f735f772310f21896dbbcf0b,53
0x1a05f8ddad98a8662a32149b1d281cb215dd7a99,43
0x1a881eda60fdb91d5797a7089ff087453736053d,54
0x25777864798fbeb9a551443e94aadf0a26124fbf,148
0x282a305258da1f904c64cc8cd8ed980022bea3b5,44
0x38e6f580bf7d3109503594235d3e4227b317d8a9,44
0x43aa93b69a306d99cec56d10ef8783c05fe717fe,63
0x4405e48316395613d7518866c409d684559197a8,40
0x5520579e99ecb1dc92b9c869c8a725348b0e7314,43
0x5fedd5293e97b6809aeaf0ef1f101fa4828cf13e,47
0x8ec23f587873780fc4f9031d8861c15f90c98637,148
0xa6f3e66d861789e36934a6985924356181007f7a,313040000
0xab155558a0503291b0892131962345125b002a1c,7592
0xb185204a80d9e823b6db26eb9d21f3fb2119b716,41
0xc3268420fbc393fd00634e52b800b3b7f71da55a,133
0xc6564de18633cd1f18ec5fc2d20817e9aee9f76c,95
0xd311c6a361830bdd623199cc4b44be168e7f6da2,95
0xd52af0d2cfdb8af1d400c1f9b9546ca8049310e9,73
0xd8be53ff1fa91203e7552534392464bf054af30f,51
0xf8cf989b3ed25d5887bb113c1bc4186ba063625e,41
0x0b5c646f102108fa3f1d88b04d7e78e69ab6b835,79
0x25134b9de4955dbce9673431adb693b100938e8c,41
0x3059b93e3e8477da03c66fb680313391df7e8de7,38
0x32fe4bd93c0f1ce3c242f1e07732599ad84fc60c,48
0x370f41ad915534395c525b84502ccd8c0cc51859,45
0x5e151ec475f7835043a6bf5d96f159795797c4ad,95
0x7088116e41f3d363578b9fcc87dc8b7c283bce69,94
0x940f419503325924e662662b77b3117061e3c7cb,140
0x9b3f4400ad3fe475df49326909064371f3b63fc0,50
0xa369e0741efa87253c1d1b33544166fc3183cdbd,82
0xa668312742df8cfb276de3d43352cbcd3465238a,127
0xa835f7829d16c8fd2c5693757cb70d4aecb4bef5,71
0xb6e1750dfcc667bbc32e9425a52b3e28293167fe,60
0xb9add2c0046f4caafd4c28b999aa004133c85d8b,39
0xd1db234801ecdea8ede515c231eeb7dd65de37a4,85
0xe69300cc6d4b66d5868d8e51ec922c2ed1620ada,40
0xec77f89f31f83f4a5a8e7adef68d8556f589e9b4,402560604
0xf37a74d4b73d995bbc7ed396177cd60aa20a9a68,45
0x041e81cc2a7e62aa352c0c6422d3321d0dc78e57,56
0x0f24f6ce12bbb975559db101ef13824347331fef,90
0x126ac8663ae2960c205ee4a4d8aac85f216fd9d8,36
0x19c1b7fc9f5af5770aa81d1f7ab8cb84685ebad6,104
0x242d028631ea818998ab7d53cb6c045cd8cbb006,87
0x2add6590bc3f3281b48c7b632995c795a28d869e,46
0x4078494dab53bd04c6697d1cbd35bc7bd20d5adf,52
0x4320b20eb86df7e41e0352fcd923ef3ad8a3fe4a,51
0x59a5208b32e627891c389ebafc644145224006e8,43824
0x615b0a55b3f8fffcebd59db022771add0218356e,89
0x6be8bdbb6c1aae62ecf2388906d1ecf993e2f3ff,122
0x6d5315ea56ce685ce9859ada3b47871c1dc6427a,53
0x709e9b3dafe6f1a6f0fdaf856bb044154b4a57ee,79
0x7c740b37c4f2bd33e99bea35ea3be34b8c19bd03,88
0x7cc67390619d4a1f3a1a41b9026d50654f137e6d,100000
0x9cffad77549325d600e9ea2e649f6ee0cbd3c785,134
0xa6730cf5186ab82d530889e92c49f840bf3ad640,43
0xca061d58a66bdfc1c0863c4f3cc8a539bb8df0c0,149
0xd1b948a9338db7a108418a115b69d3105c3f4b13,105
0xdac9144fa508f0e016a4c2059f1e84ff4fc7b25c,57
0xe0dcf071ee603de888403a396d4954a5dc0e1d43,46
0xe7b741f1286e7630fc4b25b3743344f21f2c980e,45
0xec69f91f9f50b3783070f21beefaaae9456de821,67
0xf000531be33e865bb6c0dbb282a9482f627e1f37,38
0xf1b53a8573e99ab1e1f80bd2447d35766fdb00e7,111
0xf22ed6853d4b36036d70c4d027facb9c7cc9199c,38
0x2f723b639fe809c1748b0092a63813667feda6a9,144
0x4c193560ac6433cb132afa1cfedff1de035e9c34,35
0x5339eeab07c723738a000ab9e5293dbd091865e5,43
0x54d6ea7e25e87e8db1f44fbd12e8e202a446d096,43
0x5eaf7e0ef1f2c5183633b031372f05bad4fe172c,57
0x5efc6340901108a16717b7291737d30b926e5cbf,36
0x8ac82f6db118aaa152081e087b6d8260f515ad74,106
0xc69caa8383703cc7635097804977395cc8fddf7b,52
0xdc8912d11d27ebd5baaaf09786d1abf1f86ae946,128
0xe5ec9c05b98ee03074d6a08785da6407c0f4a60d,96
0xf9fed9bf8dcec0f00d88c69f6a508489bb53b826,39
0xfa3c248b0af19a13cb5757112894f56aa08cc10b,116
0x24f3ca8138571ad2dfb1495d3cfbeaf9cdf479e5,125
0x2fbc3ef1906d098cbb34fca099095f9788570327,689
0x30ac4888b34b473c0981b39aca7e0af10b588fa8,81
0x33c8acd83c9f30c4e9955608910d4891dc557dd3,91
0x350ad574f0b986aa452a4bce162ace2f211d31e3,97
0x3f21bc3664b12daf8a633fd049419d843f8e340a,97
0x55bee16741b26a1c7e887c4c3ea07dac59390bef,42
0x64e5d1b81b1684110f14782f92a1df582fae2571,83
0x6d57e90aacd123516b0d3b55f81102710299ceb4,127
0x966fda6549029f5587c1385f61ce9b29fd709f38,43
0xb3b3135553c897691bbe08a1cfd8af1d9e2dbc59,38
0xd6038f901f1fd7f921d2cf6d00ee77c01f32cfee,44
0xef3d95039b7aca20e9d3c17c608f142f2eefbd71,44
0xf581a0d1706bcafefb94062e925633cdf8d1f57d,59
0x10cb6b5e7bd1b14d5d1423ff24f4bdfecea3d932,89
0x14ceb583287c3ef0912d03482291707a937988bf,94
0x1dc1f221a1b80d8a42e2ec882c15693aa08d04bb,35
0x228b33b206c41910219da05c373f51c48b911984,70
0x45c3427a8f699080563d86647f2d22c249bf38c9,200000000
0x6e9bcdc55edb17784c24e5752e20f1bc3d4f40b6,127
0x6ffc437b0a0624f12cc00b38ee0f5c75e728c055,70
0x8d9078d088d50d7c099a3d5a87280be756e318e6,82
0x9d8cf34bde9cfaa5332f8cec41f7920d849c7a91,44
0xb38f322ce4c55873f3507f4ab83a60f0d02661a8,108
0xcda0083cd10f28311088e64fd82d219c8d1402d8,148
0xe10332741c59CED2BA96db514a9eD865dDF99b6a,5967335
0xf2628a69c19a500a5cfb90e847d427adfe8c6a12,45
0xf349661423065e777e0611460fb9d6a4c8b8ac17,40
0x01f09decf08d797b53fc52ef54d299e911c679a7,38
0x068c02e9e9398b973d1ebbd2b8e2687978627849,45
0x12690526a92c9eae398fb18f665d422d277cc89a,50
0x1b3a2d1bd1f61f5ac096a766474bc086f51b046b,45
0x2a51072031b441879a8a4fd136563a1c640084bb,51
0x4716b81df8560f294de6b3d994cb2c1140a94405,48
0x53fa407e8b4806b1ad580e03b0c4956b6762f707,2983998062
0x64d3f8d51044d03050953d794390ab174e4ee352,38
0x75190c4ad58f04fbc55c6d1457e64f21e4de1322,99
0x7808089783fc605346aaa4ab15ed62ec4432444a,48
0x8ae185cdc2ca237fab0d3eeae5759bb70765a79d,42
0x9324744f20de322151f696bc9e31389870ad7ea1,70
0xa12431d0b9db640034b0cdfceef9cce161e62be4,2744980
0xa4ed577f287065f204d686d3eb294b98d273f1ec,144
0xb6ba841fe63a2d1ac17ba9de22fa535a3df7f668,74
0xbc081ee3b951f8f1358f1b86f21c0ecb62d0976b,41
0xd4a1c9b516d96ac445b0f559fd1c1424e81dc9bd,40
0xedc55ef9e2581ea88fffb476920b6eb61154f562,81
0xf70903a434ae045f346921e9ca9100290e5b88ce,51
0x01d2aa1aa44de33c5956be7bfb4638d092ebc949,37
0x0766a2652f02109f3023658d4e0a18f208a6fe7e,113
0x197dd51da34fe1a1e2a14fd436a9d18a48ce3197,150
0x1ff46e1020521960a8a92f883429ecad54c11568,47
0x239c76010d58ae0c921d9985b4a10cf38c71ef25,76
0x2ec375485a5f0ef1845fd11f3201952622eaa047,135
0x546f96f046b42f51abb1872bf8b8455587a88098,90
0x558ec09774bccd6c5f5f3319ee1a181031b54fbf,63
0x55cb1844749f8d7d49f76ab7c27c734b3f3ef57b,74
0x66b426b33c053333f2729d4caf9ce2972a8c503b,41
0x7723e9c793cb628780a0621ec1f25ee803d0b6be,47
0x7ac546f2ed3f0b7a7b928735e339578767d43962,49
0x91218473584e3ad1188cb83e440a2bf67b4de8a3,1333
0x9b739a80f77730fd2cd1d9209d29ddf1955ef10a,91
0xb50952cb518a4a6d920f921e820ae433e8e3b457,61
0xb6303f9a9640f91f0295451c08f189c2e487cb90,112
0xd938c0e76a42188dfaeb5e4b7f4b2cbabfa94ebd,39
0xdb694180b5b9d0d47434240b28412d6e8e4f5c99,10000000
0xf9103f8f04a2810b29c81e80bfd7e4b5e8a23035,119
0x09c52f4ad83292610f3de29e66969cdae1e8213d,35
0x0cd2e44672ad00d86cf73a46b141a64159a1f2cc,36
0x0d473ec1237e553a7b11ecacc2924314256b239d,36
0x3454ff277473baeb0a30df5d3b0a945204e13cb3,89
0x378639f53f561334bb2db7241c8cb2bc48f9dec6,47
0x3ee1461d29ab044d619a3ef13d30bea5e1959db9,30
0x49d1ea26caf6b6996ed4633e0e977197f59e5902,39
0x7cc74bd98a66e7840d7fb91c0b7b2bb3d2e69787,141
0x8e7ac14ec2d8ade88b397699d70f738c845f63a9,133
0x963c8c12d8d7a4cf07dccaf7d4f83b1f7b7605bf,52
0xa5c142901bb8190f8a38796aaacc77fb74174679,42
0xb0de63d9027b6fc598a3a3653f582a8c80ae9c3c,37
0xb27deb9578d0ac98bfb0507abb9064a8c1779e4e,41
0xc0b1384f0e7a99959f4bca150ccc46b60ebba4c3,102
0xc322e9716b0e08826e7d47ebe387d1eee852a2ea,40
0xf1781f80b6c0c463a222bf8ad411b565ba0296bd,37
0xf2d72df80a430eaa68a982d0226fdf34e1a0df9a,195
0x1b8feadfd3c46dc75d77dd1d19113df6621e0ac9,51
0x293b69301197b94295aea9bcf41afa0b7e492e75,49
0x2fc985ea746d09326f8292ad35af98724aadb35f,55
0x4ddfef848dbe75227def40f8e61a464f03bce34f,38
0x69c8fd6217cce55eeebc5798c7415a018afff54a,121
0x8391dc3e1d7ac52146d8ad3a15b3dc8d90f214f8,39
0xac6bdef2e714119777fad8623af458fa6615bb13,62
0xaebd7b088e7b64844310e0f64ace6e0533d92821,58
0xbd1e5b32cc19994b0fc37f3167c092acbafdfff2,42
0xc7e17bd5e932ab4f935cb63cdd5e0833ccca64be,37
0xca39c3f0942c236269f6b95fa88bade858276a7f,52
0xd095b2a4568a026be74bd95c81d2d17b95fc4d07,35
0xf0eec272c78713e0a33a3143acee321b92bcc625,43
0x3cd01a52a228a0c3ec3430447943077eba7fcd5a,131
0x3d93c750a121a4842834a6eda32cc008fe0ee198,37
0x70a0589c3a87a86722211a0d8c40af582c4f987e,55
0x7d3dc1a5af5c1ca522da3422776239fe85bbfff7,437
0x7f1f836bd2330963797fdf46b757877061d37646,51
0x7f69ca813602245da1748d548dee69bf795df8af,121
0x80338616748adfb9e268d514deef690464078e64,123
0x822473075756a5196c4ff6cd41f314ffb78cca83,125
0xb26e56b67a780d8b99d74da60e6258f852c0dbc6,58
0xe1ff5e08d2f759cd1f4788b2c3cb35eb96f1c1d8,125
0x08679e05842cbcb208cad22bde421fe75e5b41b4,38
0x09bf8a86984ab628df43a457e2b4f8ffb3802e38,14961
0x1ca89e1c7232e7ffaa3c1bb063882b8258b1c1ed,39
0x2664f0e2b635941f573a83d43cb2ba6dc2a58440,41
0x3a8d3e807732d702d7e62af32c6128ced7a41aa7,39
0x40a159a679a53e48d148b78cd7ebe01ac6be67c1,42
0x64b3170cfc1066026352628bfa8c293f8bc7ee9e,37
0x67ec17aec792443019264d35d59eecbfc133146e,42
0x6a940e72ee7dda52b69aba91ac3c63fe96bfa473,118
0x73419b63b0fa42e931624b18b6a94f81b2fe2e22,123
0x962762f65e2f304327c0d651033955d84cf57525,44
0xb7762e07a61008adeaefe5908a9926b783acfa27,78
0xbfc973cf2a34460b0cc3fb61ad2d8a3751c2fb00,135
0xc9edf84568202145f1249caa8e6249dc8b690175,150
0xe1cdbcaee3a12cf1880583ee003f8e9958fe6394,130
0xf012f380d766c389e0333b40fcf10f01688d7149,39
0x04973ec652f508bcd2d586a5e1bc7e40054bfb6d,139
0x12827642e50c77d45cb012c2a73345a2d59549ff,36
0x1673973a51ab96784bb78a8b7091ad215e80c0fc,89
0x20bf5bc6546f2b91866d15054839ad8c789d49c9,37
0x433711451084787a80c96354bbe7ca7696ab2338,67
0x4c13c1a88bc4f70364cb3a3ba0380ec729f156a5,38
0x8610eea18fb3ddf5d5ea1dcd0a943ab8a7ff2685,42
0xb47ddd69508e18914122e060938e1c4ae435a89a,47
0xb79f91d4dd9ab38793cded541b76e902ba5a2515,130
0xbd9398345145e48174b7c25cacb1136d1a437998,36
0xc0805d5797cb9317cf2b4f52f41f26bcd21c151e,47
0xcfeb4a5c3a5037fbb2eab5f6692723c2320e06a1,41
0xd46484aecf883e9450f2d848c36bc878fb368fc4,57
0xdc9b9ddbfe3cd14cb81aa72170ff98e22811c875,139
0x25f8b8efe3c9d22881abe51e727be59a4b5c2460,51
0x3db2ef4562ee0296c3d4fdbd5b8c65f186fdbb53,47
0x41047a46b73b1c98cc919b4649cb56a48965e682,133
0x42a2c42319174811f62099126d484cd8916d1a49,227
0x434b1ab280101faa0144d326e17ebb57e83337d8,43
0x46f92f703451848fbd9581024de75e76b168fec0,53
0x613d142cd920d7b234f15df1b1aaf34a002bb80e,39
0x6182a80650fa10bb70cd4fa3ccb7e839b0bf9545,188440000
0x80977623bc5f848aa2c17cd1a568893faa9c797d,41
0xaa93b32be972cbe568392bef746b7ca031c1ea95,51
0xd2cd9ec4d9a94f16479e56bd611bc6042a233bf0,41
0xe226c9eb186f84f123826e356124e48561ec004d,145
0xe779f5d54b6aaeffa0e395054c6937757b27d9a7,45
0xf82cd9a6b915f9d3304f3b63d32b52a21dd02d27,42
0xfd3f629b1204ffc729e34d90740b0cd86cef89d6,56
0x034194bb582a31657288352199dec3682e4a75ea,36
0x041b58c1d962e56052928a4ae768c24022363957,131
0x28938f2ad9cd56fc72a2f3e72b8d50afaaddb902,94
0x3520fb7e502452edc8154ade506924c3ac4f5d3c,14845
0x3bccc60ee33728e74d2dc7ec5baec378507d6d8f,38
0x4a2e0226bfa0ff93d88bd7ae64ccf78964f6e798,134
0x524ebf64ee45d333f602bd046389bc2c12e23f91,37
0x54c51e4f2abd180856f7b1255ee79fbaf815d4ec,71
0x566f25b6895cec6d0d6f1d08b0495020d3aa7ba4,48
0x6a5c9f4cc046d0ffd440ec9976823a3993ba76e7,51
0x6f8a531d2de24de1aa2d830258e32849eed542ee,35
0x7684f519bb1643e6359b45eb89ad1dc08dd0d6ad,111
0x8aa982601c9eec20a0e0050e5e86836c9da9f94f,228
0xb545d42f45a53bc26ed9ec3ec9837a89872603dd,40
0xb79003dde06643eba29d040da5f8b595c44bb59a,95
0xbd33867080fcb11639faf21534b34201e7a3c2b2,9
0xc3bb9328b93bfb52156c25fe9d41345edd7b0148,52
0xc73fd7a20408358e44f94c9b381916125a575faa,41
0xc9f60c3f46474a2f0ac986d66d7e543423e1ae7d,57
0xd731cb89fe735997323af44febaa84abc279f60a,39
0xdce46109c6872145ba6eb7faaeeaa8fec010e961,143
0xe6c2351868b9270a08602f995a16d18d08d0715d,40
0xed1dc614427e6a7c704357cdcb1a8c9647bef7b5,42
0xf08383e069fac52cd577b7ba7e1db8c143728d6c,53
0xfbb1b73c4f0bda4f67dca266ce6ef42f520fbb98,2962901
0x00e844f86378afb84926a6370f4449999d6f958d,41
0x0b6045661fe2540d033b550063467fb9cfd1a671,45
0x1f734c14218b1f03ecd89029d61602a658666782,41
0x3cdc831d04d57032ccaa0b8908b571ff8b82918d,47
0x49ab81f26102eb4b4a7852082ba2424789c04da1,61
0x5a61f00c7514a1523759be59647dbe767addd6e3,38
0x6df1064122d0daef09848ecb0fff1ae9a47c1764,111
0x77efe04437065c7875368613e29cd2fb3f973caa,39
0xaeb2c1448c78f090a7f8c95d8ca2e3d28e79e56a,60
0xbd3433a2427b3cb034315873f943d8b47dcf2a20,36
0xbfef5659c3f256525f868134d7eb18203ff86d21,49
0xc3bcdbe5ab259035d33f91583288e01fdd6cbe39,49
0x023d7ec7def9775b58eb3b9d259cd079b756d85d,110
0x0832fb142de61ebeaccb614669284b0754110eb0,104
0x101d917351891797ea86c410718532eb505419d2,72
0x2b884f1009cd9e4d3cdd64e73aa6eb346682dbd0,35691
0x53379059c35863e674bf2d7c327673dccce5c7bd,45
0x613a10ee8cd426f46f05c5461629bdd3f0519d46,59
0x8341d0bfb587160ac59a7ea87b6342d074b2c02c,44
0x8fb3391ecec3c3946ac5fad726be33acaee54c9b,116
0x9ca0fc5139d9dcd0e02f57b8daf2c6748d59e821,435
0xb84a11d6be85688189606a54e51b7caab188efcc,86
0xc983c6bc8ea09295c0b1ac8fa39dd8502fdf5241,53
0xd5f707e7669a08f5781f51ee5e498358d0b114a8,115
0x04c76d2039065cc1747a848e2b4dc400951240ea,49
0x05dedc4e70667660d5adb41444e647dad2cdbdc6,47
0x0c79505003d31d19763917fb94a38b0cb498d5b9,77
0x36e2289dd505151bb380ba67cd4bc34f3a3966ff,1129
0x4b83251650c4a77a387388fb1ceecaf4d3d99dc2,122
0x4d39bc343634a300e609c0efac9d83d5c20c872f,59
0x50127950daee3627b2eb5f4d2d7c865c6157917b,45
0x545f1bb26f47980ecb56831a683a9f9919dbc96b,1600000000
0x58dbc425471e514fca4d45ff6ee45c998ca7ec59,51
0x91e36dd07a4116d72fa092df69c9e4775cb196c2,69
0xb2218a84831785b613a3e3148eb18d4752dd6184,222
0xba9b3176e75860f9aba3622236d1773d27dc8131,76
0xde6b0e91d7e4191afa7e3ea4cd0f2e7101138072,138
0xe2593a441ad6a7c388b6ac69347997e8485294d6,35
0x0369d3a46b0487d4d6bb2c83f10ce608ab324cbb,40
0x13b59ab16285358eecedbb48bac9acba1ba35e34,39
0x23d93d4b309cebb6371bb26f004a224cf216213f,86
0x518c620de8ebc59b60d9f8264478ef190b9257ab,37
0x6067199a7afaa72901dfb05180cd5bba482e8076,35
0x7ff07d17327547535d85300745f6f82a44ce360d,134
0x87a72c56bf37ae5109cf2302b750af023b43a940,44
0x8e8a25aecd00cbb8a6fcfce661aac0748157589b,119
0x914d679390eae653fa25045025f66556350fc126,39
0x973f58a34b765e465507e95915851ab04f64ff40,36
0xab483cf5f92938cd27d3eea7e1d8accd7ea7ffac,45
0xacd853e5d4e07fc7a86c884e6e2dc3865c3b73bf,106
0xb4e428f2a3f52cae3f7bcb36d98574edd61d7c4e,38
0xb8d152b21c0144394955ea701adcc6b582e751c4,136
0xbd688e7d2127bcfc8e59829aa9fdcd2f7a6b2e40,96
0xcfe594ec30b14d096ba0b6b4cbc370a0dc72c531,47
0xfe9fb45b58e955a1ca155fa8574db2575e84fd69,313
0x161c4c1adbc034e466d6e6074f6536f64d138ad4,10
0x1748528dd8b6b1c3d01cbe530f4f1f424ecdd293,80
0x1ea241fc843aa315557638d0fb6b28c8df1c2bc3,149
0x2a57d12845ea15e7f9524917d13de9b9ab26a025,62
0x3e009737d719231568ff386ddf7ac301df8a826a,43
0x3fea9458f5c242bc297a15b20f7448e65da65ad7,92
0x4f5dcab6bc518152eacb0cb997635eaffec803f4,140
0x5071414676596874a0d32b4fd749ed5fe5dd4736,129
0x7d3eafefcc1c592094e47eed7a0303a1c4e388fc,51
0x84f715cd1df4e4c7cbc69d1dfc98a8304b2f9d78,150
0x937e15090d4f0b495a772dfc3c386c77bb316ab2,119
0x9e809ab55b8319495049ccfef450f78dc4a6bf65,44
0xb2cf825f284a3102e117fc1a0c0a7678252d6b4c,144
0xbd8939ba8720885dab1bf8f68295ce44ead2b79d,35
0xbe5b19f36982f4c5a5d6f3ed6c24c869eaaf7e08,60
0xeef4bd8cc2dd61171149ab6afa8fecf6780dff19,53
0xef931ca85740dc8cb0fb1a882dc6ebcd327251b1,110
